Followers;Following;None;Creators;Personal gods;Local events;Professional services;Restaurants;Non profits;General Interests;Publishers;Transportation;Business;Home Services;Auto Dealers;Food;Government Agencies;Content Apps;Grocery;Entities;Lifestyle services;Geography;Tematica
15;11;0;1;0;1;0;0;1;0;0;0;0;0;0;0;0;0;0;0;0;0;Musica
16;7;0;1;0;0;0;0;1;0;0;0;0;0;0;0;0;0;0;0;0;0;Noticies
66;76;0;13;1;0;0;1;2;4;2;0;0;0;0;0;0;0;0;0;0;0;Fotografia
25;18;0;2;0;0;0;0;1;1;0;0;0;0;0;0;0;0;0;0;0;0;Esport
168;64;0;13;2;0;0;0;2;4;0;0;0;0;0;0;0;0;0;0;0;0;Noticies
141;75;0;17;1;1;0;0;1;3;0;0;0;0;0;0;0;0;0;0;0;0;Fotografia
555;64;0;1;4;2;1;0;0;0;0;7;5;4;1;0;0;0;0;0;0;0;Transport
4749;323;0;12;11;20;3;1;3;1;3;0;1;2;3;0;0;0;0;0;0;0;Noticies
94;34;0;3;0;0;1;0;0;1;13;0;0;0;0;0;0;0;0;0;0;0;Noticies
248;27;0;3;1;1;1;0;1;0;5;0;0;0;0;0;0;0;0;0;0;0;Noticies
587;149;0;2;3;1;26;0;25;0;2;0;1;3;0;0;0;0;0;0;0;0;ONG
4505;93;0;6;2;0;10;0;5;0;5;0;4;1;0;0;0;0;0;0;0;0;Noticies
446;4;0;2;0;0;0;0;0;0;0;0;0;0;0;0;0;0;0;0;0;0;Musica
240;112;0;17;2;4;0;2;0;4;3;0;0;2;0;0;0;0;0;0;0;0;Musica
5572;86;0;8;6;10;2;2;11;4;1;2;1;2;2;0;0;0;0;0;0;0;Entitat
126;131;0;13;1;0;0;1;0;0;1;1;0;1;1;0;0;0;0;0;0;0;Turisme
4236;47;0;2;2;4;3;0;8;1;2;0;0;2;0;0;10;0;0;1;0;1;Entitat
11782;44;0;2;0;0;1;0;0;2;0;0;0;0;0;0;0;0;0;0;0;0;Noticies
637;637;0;3;5;6;3;7;20;4;17;16;5;4;15;7;15;7;25;18;20;23;Alimentacio
1576;525;0;24;14;18;0;2;8;24;17;24;5;6;17;9;25;4;25;16;11;0;Alimentacio
2316;772;0;10;14;0;9;12;5;19;8;14;8;6;6;21;4;19;24;14;10;10;Alimentacio
1291;258;0;23;11;1;5;7;5;9;1;8;15;11;3;22;6;15;25;14;3;12;Alimentacio
1249;1249;0;17;25;0;7;24;24;23;3;12;2;15;22;20;23;17;11;2;9;0;Noticies
1973;987;0;4;14;4;8;0;15;1;15;22;22;20;15;13;10;5;8;24;4;10;Entitat
1052;351;0;5;3;6;8;21;9;20;12;24;24;15;7;8;10;22;22;14;11;2;Musica
1336;267;0;5;16;9;12;14;2;0;10;19;24;23;20;5;12;8;9;19;1;4;Musica
1473;737;0;3;11;16;0;3;18;11;13;0;8;0;19;14;22;0;21;24;23;8;Entitat
793;198;0;11;14;15;8;0;22;23;20;14;9;2;9;1;18;11;0;0;8;11;Noticies
2256;564;0;14;9;20;14;23;25;5;3;3;17;14;7;2;23;8;24;23;6;21;ONG
65;22;0;5;0;17;9;0;0;3;13;21;18;13;25;19;12;15;3;4;23;11;Musica
1248;250;0;5;18;4;5;8;20;12;10;17;9;12;19;20;13;11;8;17;17;18;Alimentacio
1235;309;0;23;18;22;9;15;22;15;10;1;23;17;21;23;17;19;11;13;10;20;Alimentacio
686;229;0;18;15;23;2;18;14;10;5;0;24;20;20;2;0;0;18;9;4;13;Transport
891;178;0;16;15;12;9;24;5;2;22;0;16;1;16;15;10;21;3;18;18;21;Alimentacio
2335;584;0;18;11;3;8;1;24;17;2;0;7;3;21;14;13;22;6;6;12;20;ONG
832;208;0;18;14;0;10;21;0;4;21;11;20;4;5;3;1;18;10;19;0;15;Alimentacio
145;145;0;11;14;24;11;9;15;9;4;6;16;5;1;20;11;1;11;2;17;0;Esport
988;198;0;7;11;25;4;4;1;16;25;10;0;15;24;7;6;3;15;7;2;5;Esport
1944;486;0;7;7;2;2;0;25;7;15;20;3;23;1;0;3;3;25;16;2;5;Alimentacio
2298;766;0;12;19;6;13;0;25;8;17;19;0;23;4;13;16;11;17;23;14;11;ONG
2256;451;0;22;3;25;4;10;10;24;7;6;20;7;20;17;24;0;2;18;19;14;Transport
1902;380;0;16;0;24;0;10;0;13;23;24;12;17;0;23;25;7;19;2;23;19;Entitat
141;71;0;23;11;13;8;22;0;21;25;10;5;3;20;18;0;21;12;7;2;16;Musica
2130;2130;0;19;25;13;10;4;10;14;9;20;5;11;2;14;0;23;18;16;2;18;Musica
1867;1867;0;8;6;16;8;12;24;13;6;12;2;7;19;4;0;6;0;5;25;1;Musica
1184;592;0;13;10;23;3;15;7;0;8;1;0;23;11;10;14;22;22;17;19;11;Esport
409;82;0;5;25;23;2;22;3;22;22;23;10;2;5;8;24;16;14;14;16;0;Musica
2040;2040;0;9;17;13;3;16;11;7;3;6;6;17;21;5;1;24;17;15;24;14;Oci
2459;492;0;5;19;10;17;13;20;6;5;12;21;18;22;22;21;25;10;7;20;22;Oci
965;322;0;6;13;12;3;7;17;24;7;14;12;22;3;8;24;20;1;24;22;5;Entitat
1826;457;0;12;16;5;1;10;6;10;21;13;13;18;21;10;0;10;25;0;7;9;Alimentacio
1315;263;0;15;18;4;4;17;14;0;0;22;16;2;17;0;9;22;13;14;11;0;Esport
2448;490;0;1;19;7;9;24;16;19;11;12;2;21;14;24;13;10;18;19;7;24;Turisme
605;151;0;25;16;22;4;10;7;21;7;25;12;24;0;14;7;17;8;24;11;3;Fotografia
1320;330;0;6;12;1;0;1;25;5;19;3;24;6;16;12;13;4;7;14;1;13;ONG
1688;844;0;25;22;12;20;10;17;14;3;0;14;13;4;14;4;21;1;16;3;23;Fotografia
537;269;0;25;10;11;21;13;24;25;12;21;10;24;6;8;19;9;4;21;1;13;Noticies
1909;1909;0;19;21;13;3;25;13;5;11;24;13;1;1;0;22;22;25;5;14;4;Alimentacio
1953;391;0;0;25;18;21;4;15;3;1;16;19;2;7;8;1;10;11;23;5;15;Musica
1632;544;0;22;8;5;10;22;16;14;2;18;17;18;1;23;13;16;15;0;19;13;Alimentacio
732;146;0;16;14;16;14;23;11;6;13;6;1;23;1;20;17;14;18;15;12;22;Alimentacio
944;236;0;23;12;4;21;25;8;6;16;16;15;1;18;7;15;9;25;6;0;17;Alimentacio
884;177;0;16;1;10;0;20;20;5;20;14;0;25;16;1;22;12;17;5;13;8;Alimentacio
251;63;0;16;20;2;5;19;6;20;20;24;14;7;0;24;19;7;4;8;19;11;Alimentacio
2494;624;0;6;1;21;0;0;14;22;0;1;0;18;21;7;2;9;15;21;7;2;Noticies
914;457;0;11;18;20;0;18;14;3;7;3;10;11;12;25;8;12;14;15;25;5;Alimentacio
2086;2086;0;23;20;5;0;9;6;21;4;19;12;0;22;25;18;8;23;6;5;8;Alimentacio
824;165;0;11;16;3;8;21;25;0;22;7;11;0;12;10;12;19;5;6;8;0;ONG
2259;565;0;4;2;24;5;5;21;0;6;25;12;24;8;14;5;1;0;10;0;6;Musica
2099;2099;0;13;24;23;0;18;18;25;16;24;24;24;16;3;13;0;19;13;10;4;Noticies
1984;496;0;25;10;21;24;0;10;14;7;18;21;19;0;23;13;25;15;13;17;25;Esport
1585;317;0;13;6;23;11;24;24;13;0;3;24;7;19;23;0;12;18;14;19;23;Alimentacio
1303;326;0;17;15;7;12;15;13;0;4;4;9;2;13;22;14;16;3;4;9;5;Alimentacio
418;418;0;9;8;25;24;2;9;1;1;3;4;13;20;18;1;9;13;8;0;19;Esport
710;178;0;24;24;0;0;14;13;9;11;16;1;19;12;7;0;22;25;7;18;16;Alimentacio
2157;431;0;6;12;2;10;3;1;11;15;19;2;23;0;7;12;3;10;17;5;9;Alimentacio
843;843;0;5;0;3;18;2;16;15;14;13;3;17;23;13;7;14;12;9;4;16;Musica
957;479;0;0;3;6;7;2;15;14;11;16;0;13;25;0;13;25;0;12;8;7;Oci
1450;363;0;11;15;19;13;14;9;0;4;13;12;10;13;21;11;22;6;0;13;1;Oci
455;228;0;18;24;7;21;15;11;9;14;14;11;16;2;4;3;0;13;17;21;4;Transport
1584;792;0;13;5;4;14;1;1;19;0;21;8;0;1;6;7;18;1;17;15;17;Transport
374;374;0;10;3;12;15;0;14;10;12;2;9;5;25;17;9;13;20;22;5;14;Musica
1328;266;0;16;14;1;14;24;10;23;2;9;23;4;20;18;7;8;0;25;3;23;Entitat
896;448;0;22;23;10;19;4;21;22;13;9;3;9;5;24;20;5;12;25;10;23;Entitat
2029;1015;0;25;5;8;21;11;0;11;19;9;24;25;22;0;22;25;19;25;20;7;Transport
710;710;0;3;1;12;0;14;13;19;5;8;20;15;0;1;4;0;4;24;17;1;Entitat
1972;657;0;7;10;13;5;23;19;6;22;21;19;23;2;1;6;11;10;7;15;21;Alimentacio
436;87;0;3;11;3;12;22;23;2;8;0;20;15;0;23;14;6;18;11;22;25;Turisme
1627;814;0;19;22;2;2;19;17;12;21;14;7;19;20;9;20;12;17;0;17;2;Musica
2150;430;0;17;7;4;19;9;9;11;23;9;23;7;8;13;16;23;13;24;24;8;Entitat
746;149;0;16;24;7;10;2;15;4;14;8;20;15;16;17;18;21;14;23;7;6;Musica
2162;1081;0;21;19;5;14;8;12;18;12;13;1;13;12;14;22;25;17;18;19;20;Oci
53;53;0;23;12;8;9;3;5;8;16;12;19;21;11;10;2;12;8;7;21;0;Fotografia
620;310;0;22;13;23;23;5;10;10;23;4;19;5;16;7;4;23;12;2;10;6;Oci
1548;310;0;13;24;20;11;20;3;17;9;19;18;15;1;10;7;24;15;15;13;24;Turisme
260;87;0;6;23;3;23;3;14;13;2;10;9;20;22;1;1;17;16;5;25;22;Musica
2455;2455;0;0;24;14;9;23;19;12;3;22;1;6;25;6;9;25;8;21;8;14;Transport
1754;877;0;25;11;23;22;20;8;22;10;8;12;6;7;25;6;20;19;12;8;25;Alimentacio
66;33;0;25;13;0;1;18;3;14;23;18;18;7;20;2;25;10;1;21;16;10;Entitat
129;32;0;12;9;1;19;21;8;16;18;3;20;25;14;4;5;9;13;20;13;2;Transport
2112;422;0;18;7;9;2;15;6;9;16;4;15;5;6;7;12;25;3;14;3;9;Esport
1606;535;0;16;2;4;6;21;4;6;24;3;16;2;16;5;17;8;11;3;3;12;Musica
1850;925;0;14;18;22;14;22;13;3;8;18;2;0;1;0;2;11;4;21;0;14;Esport
46;15;0;3;3;9;2;7;23;19;10;3;10;5;7;24;19;0;8;11;18;13;Alimentacio
2306;769;0;12;3;13;14;13;2;1;0;3;21;4;9;12;0;17;5;14;8;22;Turisme
846;846;0;20;18;4;12;4;25;24;1;20;19;17;7;2;9;11;4;4;17;15;ONG
2295;765;0;12;24;6;24;15;22;8;1;14;8;4;5;1;0;19;12;1;9;14;Musica
2302;1151;0;23;16;19;4;9;25;10;4;0;20;4;10;25;3;10;18;21;23;1;Alimentacio
2376;2376;0;22;15;6;16;17;12;0;11;4;13;11;25;19;8;6;22;22;11;23;Musica
2492;831;0;13;9;22;22;3;2;22;0;25;0;12;8;3;23;7;9;22;25;6;Empresa
482;241;0;22;21;24;21;9;20;16;6;4;24;20;22;19;3;21;24;21;7;8;Alimentacio
2034;2034;0;7;6;4;12;11;4;14;3;22;20;19;1;0;19;22;13;23;4;7;Entitat
2477;2477;0;23;25;11;10;0;17;0;5;6;6;22;21;25;13;3;12;13;4;21;Alimentacio
1667;417;0;15;24;12;25;6;22;16;11;22;18;4;25;25;22;21;10;9;12;4;Alimentacio
1519;380;0;8;8;18;0;9;12;12;18;2;0;14;6;11;16;11;21;12;17;6;Alimentacio
954;954;0;5;17;12;20;9;5;12;19;12;23;13;24;2;12;16;6;23;23;7;Musica
408;408;0;4;20;15;11;25;2;5;7;15;10;6;0;12;8;0;21;1;17;0;Transport
1066;1066;0;15;24;13;3;13;0;21;14;24;12;2;0;24;25;9;21;2;15;10;Entitat
1621;324;0;20;25;19;6;13;19;7;21;0;19;25;21;24;5;0;0;24;17;19;Transport
1897;949;0;21;2;0;0;23;5;4;23;0;14;25;10;19;9;0;5;13;18;12;Alimentacio
1859;1859;0;21;21;2;11;22;11;21;2;24;10;6;4;7;14;10;21;0;16;11;Musica
1317;263;0;15;5;20;8;5;14;24;23;21;16;0;4;13;10;5;19;3;0;3;Noticies
2039;510;0;11;17;0;5;7;0;8;8;10;7;20;2;20;0;23;20;7;14;18;Oci
406;102;0;12;25;21;17;3;25;3;8;6;14;10;1;24;6;12;13;10;3;23;ONG
620;155;0;8;19;17;3;24;7;20;2;22;19;4;13;5;3;20;1;19;25;12;Musica
2160;2160;0;16;22;24;19;19;1;1;5;22;3;16;4;21;4;5;9;0;14;6;Esport
201;101;0;18;22;8;1;15;22;5;11;16;9;0;1;15;20;4;10;5;0;10;ONG
1500;300;0;18;16;23;3;8;14;14;12;10;18;10;11;16;16;0;9;1;18;20;Esport
1180;295;0;16;9;8;9;15;11;4;18;8;18;5;5;7;19;2;18;8;19;6;Entitat
2284;457;0;22;7;21;10;19;6;6;7;3;21;1;17;18;10;20;17;12;0;13;Fotografia
19;5;0;11;4;15;24;17;3;9;8;21;11;7;11;4;0;7;6;21;9;17;Musica
904;181;0;18;10;18;6;8;17;2;14;0;6;6;16;9;20;19;16;9;19;24;Turisme
206;69;0;1;14;20;15;8;8;19;5;9;8;23;25;11;14;14;0;13;22;9;Musica
1100;220;0;10;11;3;0;12;11;9;18;19;17;20;13;19;2;24;9;0;8;14;Esport
1043;209;0;4;9;16;18;3;24;14;5;3;15;7;13;25;2;3;16;6;7;11;Alimentacio
1063;354;0;6;12;7;22;6;22;4;3;1;22;7;4;0;14;21;7;16;4;4;Transport
1376;344;0;19;12;18;14;3;5;17;9;5;23;14;21;25;18;11;4;16;15;7;Alimentacio
2000;500;0;13;0;16;5;1;7;8;22;22;23;19;2;3;22;6;20;25;3;12;Entitat
1835;459;0;12;22;16;21;13;25;7;24;5;21;9;23;17;20;10;21;17;17;25;ONG
2319;2319;0;14;4;21;1;1;8;11;19;18;11;9;2;7;23;3;12;23;5;11;Entitat
593;593;0;14;10;12;19;17;19;12;17;24;13;4;3;11;3;15;22;11;20;7;Musica
1119;280;0;1;13;23;10;10;5;16;1;2;19;22;11;11;12;7;15;12;1;0;Esport
730;730;0;10;16;15;14;19;5;5;11;19;9;15;0;24;0;18;4;4;19;3;Alimentacio
589;295;0;17;5;10;12;4;3;0;14;4;3;16;0;16;15;16;1;1;2;24;Turisme
1500;1500;0;0;24;7;6;11;12;1;7;9;15;1;23;7;21;22;9;1;13;8;Musica
1656;552;0;6;20;14;0;21;14;22;5;5;0;22;8;8;19;4;11;12;3;4;Noticies
1662;332;0;10;6;3;14;21;0;14;19;8;0;11;7;0;22;9;2;6;2;7;Entitat
2001;2001;0;8;4;3;10;4;3;5;1;9;21;13;22;1;10;13;10;23;1;19;Entitat
645;161;0;4;3;16;6;18;15;20;4;8;7;7;9;0;2;25;5;25;10;11;Esport
2126;425;0;17;9;23;3;9;17;7;4;14;12;14;25;22;0;24;14;3;12;6;Musica
886;295;0;2;1;10;11;9;4;0;8;25;4;5;2;3;25;18;14;11;15;21;Entitat
1233;308;0;16;21;17;23;14;21;14;18;12;11;15;22;17;15;18;7;17;1;11;Musica
822;206;0;3;24;22;4;21;17;8;12;17;6;20;13;8;2;10;18;15;0;24;Turisme
1483;297;0;8;4;14;24;11;21;24;1;18;11;0;0;2;11;24;23;18;18;23;Esport
1234;411;0;20;7;2;20;19;22;19;10;11;25;22;18;4;10;15;12;7;3;21;Empresa
1041;1041;0;11;5;2;8;25;20;0;12;17;22;4;2;19;10;0;11;5;5;15;Alimentacio
449;449;0;12;19;19;4;1;15;3;25;13;19;20;17;0;18;8;13;6;15;7;Empresa
1686;337;0;0;0;18;12;23;2;0;12;24;20;4;15;2;17;12;13;0;24;6;Empresa
2406;1203;0;12;19;5;23;11;6;22;12;0;1;18;7;10;25;3;19;7;21;5;Entitat
1296;1296;0;22;23;6;23;15;20;8;5;14;13;24;0;20;5;5;12;21;15;5;Transport
1363;341;0;11;25;7;4;6;23;0;25;24;24;16;25;0;2;3;12;0;4;17;Musica
2041;680;0;4;22;8;22;17;15;6;1;9;6;4;1;17;7;20;4;17;9;11;Musica
1812;362;0;1;0;20;23;0;20;4;18;18;7;15;14;16;10;13;22;14;10;18;Musica
2223;445;0;22;7;3;24;20;10;0;20;6;23;1;12;15;16;22;11;13;25;9;Transport
1630;326;0;18;7;12;18;16;14;6;14;20;11;18;20;7;15;22;23;13;6;15;Alimentacio
915;305;0;19;1;11;5;22;15;23;15;8;11;3;4;23;20;0;18;11;24;20;Musica
1263;1263;0;5;25;8;0;17;3;10;14;22;14;7;8;13;9;24;25;15;10;0;Alimentacio
2091;2091;0;6;4;0;2;20;8;0;20;15;23;5;7;6;5;15;11;14;0;23;Turisme
1458;729;0;9;18;3;3;2;18;1;25;6;1;17;20;15;11;4;20;17;16;2;Musica
47;47;0;22;15;14;21;8;17;17;6;10;23;4;16;1;7;14;8;9;1;17;Musica
1487;297;0;1;15;13;16;10;13;9;23;12;2;9;1;20;6;7;19;0;3;23;Empresa
1517;759;0;9;22;18;24;4;22;12;24;9;8;3;9;4;8;19;10;9;20;9;Transport
2054;1027;0;13;13;18;13;25;13;25;12;8;18;5;6;21;20;2;0;5;2;14;Noticies
2407;1204;0;17;21;15;23;21;19;2;19;19;17;21;4;25;23;19;9;23;11;19;Transport
1028;343;0;10;14;11;23;11;24;12;19;19;14;15;21;24;17;7;3;3;16;6;Empresa
1819;910;0;13;24;13;1;0;0;14;24;3;4;22;2;23;5;18;19;4;20;11;Musica
777;194;0;0;17;4;16;16;21;24;16;25;15;13;10;12;6;2;21;12;17;16;Musica
1735;1735;0;2;1;5;16;0;10;20;16;11;14;5;9;24;25;20;16;3;23;17;Entitat
1933;644;0;3;9;17;18;25;14;21;20;5;14;12;23;2;14;2;19;23;6;19;Transport
714;179;0;4;21;8;2;17;22;2;17;14;22;16;19;6;5;1;2;15;18;18;ONG
840;420;0;3;23;20;9;11;13;24;2;2;17;2;17;8;3;9;14;8;11;4;Noticies
417;209;0;5;10;13;20;2;21;0;15;1;21;3;18;3;8;16;9;22;1;25;Turisme
1792;896;0;10;12;6;12;0;0;17;6;7;0;11;8;25;4;1;18;12;15;3;Alimentacio
217;54;0;22;8;15;0;0;18;0;5;19;16;13;23;22;6;19;5;11;2;11;Musica
2260;1130;0;5;1;2;10;15;6;13;16;1;14;14;6;25;17;20;16;12;2;16;Alimentacio
1887;629;0;0;10;6;0;20;16;0;11;24;23;21;11;14;0;19;19;2;10;25;Turisme
1087;362;0;19;0;20;17;0;12;25;25;13;7;10;14;18;14;8;17;25;13;0;Noticies
1246;415;0;2;12;1;2;3;0;22;8;0;16;11;16;24;14;20;23;14;12;4;Alimentacio
1397;349;0;1;20;16;8;24;12;4;0;20;9;0;3;25;25;18;0;11;2;0;Alimentacio
821;205;0;6;16;24;4;0;7;23;18;14;7;8;5;16;9;20;11;9;11;4;Esport
1056;352;0;8;23;6;2;22;1;4;16;7;19;4;13;7;0;22;6;13;5;0;Musica
2046;1023;0;18;25;22;13;0;3;10;15;11;7;23;1;5;17;21;5;22;4;7;Musica
2066;1033;0;7;3;20;6;20;8;22;2;9;6;4;3;14;17;17;6;7;0;3;Noticies
2468;617;0;24;21;22;9;10;19;17;19;6;12;15;1;15;23;25;3;25;20;12;Esport
971;243;0;17;0;9;21;23;15;9;2;9;2;11;10;14;2;16;0;12;20;11;Alimentacio
322;322;0;19;3;9;25;7;20;18;17;21;16;12;17;18;24;8;18;20;8;10;Musica
1681;560;0;9;1;4;0;0;9;14;6;12;20;7;11;12;0;20;0;5;14;10;Esport
2306;577;0;2;16;2;25;14;18;16;0;5;12;1;22;19;0;14;10;3;19;25;Turisme
375;188;0;6;6;16;24;13;3;5;23;0;1;1;14;6;18;0;10;3;13;7;Empresa
1277;639;0;23;10;1;2;15;15;0;5;9;19;15;1;15;20;14;2;23;11;1;Entitat
2418;1209;0;12;0;19;18;1;0;24;22;0;13;11;15;18;0;10;0;20;23;24;Turisme
487;487;0;20;16;16;7;17;14;12;3;7;5;1;5;11;18;15;17;21;0;11;Entitat
1437;1437;0;6;22;16;13;0;24;11;3;0;16;20;22;4;25;7;20;1;17;10;Musica
1848;1848;0;0;17;17;25;18;18;25;20;9;15;24;25;11;0;7;17;4;3;14;Noticies
2479;2479;0;9;9;11;6;21;8;10;21;5;18;15;3;21;0;3;7;6;19;3;Alimentacio
485;243;0;8;15;0;17;25;8;16;13;4;1;3;0;21;5;7;4;6;12;20;Alimentacio
1017;254;0;18;21;1;0;22;13;18;12;22;2;15;19;15;10;0;4;10;24;10;Empresa
868;174;0;7;5;0;11;22;19;0;23;2;18;2;14;12;4;8;22;7;10;8;Transport
2023;1012;0;0;10;20;22;7;4;0;0;4;0;1;12;12;24;0;0;8;5;5;Entitat
2351;2351;0;14;8;9;19;11;2;23;3;8;9;22;11;25;23;4;20;24;11;21;Alimentacio
2360;472;0;22;18;0;4;20;0;9;18;6;20;10;13;9;15;3;20;2;0;13;Fotografia
2110;2110;0;18;17;0;10;13;11;13;25;0;2;21;19;25;16;22;7;24;1;7;Alimentacio
1826;609;0;12;7;23;16;12;15;2;13;25;21;0;17;20;20;21;21;6;3;24;Musica
2461;492;0;1;17;12;5;9;20;20;25;5;7;9;1;19;3;0;17;4;11;0;Musica
292;292;0;6;20;0;14;8;24;20;10;3;25;1;21;3;20;3;21;25;8;8;Entitat
2447;816;0;6;6;9;17;12;3;0;23;10;3;10;7;7;12;15;0;8;0;7;Musica
2471;2471;0;23;11;8;10;0;0;4;22;13;22;2;8;4;2;2;23;1;3;21;Alimentacio
2258;2258;0;5;9;14;0;22;18;23;21;22;15;7;5;15;20;8;18;10;20;7;Empresa
1852;617;0;15;15;10;15;7;17;3;1;18;7;6;25;22;21;7;2;9;8;3;Transport
2282;456;0;20;25;11;16;0;12;6;19;22;15;21;6;22;6;25;18;18;24;12;Esport
1456;291;0;1;23;14;9;15;0;13;2;14;2;1;5;5;14;20;11;11;3;12;Musica
1282;321;0;14;0;18;12;9;1;15;13;14;5;20;14;10;10;16;7;16;5;0;Transport
1295;259;0;23;24;3;25;13;22;18;4;12;11;24;8;1;17;3;20;22;9;22;Musica
2185;1093;0;8;18;4;22;8;8;14;2;0;17;5;16;22;4;8;24;1;14;18;Alimentacio
2497;1249;0;10;2;21;8;13;24;18;0;1;11;20;8;22;22;11;4;3;14;16;ONG
184;61;0;5;1;13;6;1;12;5;15;17;6;14;1;24;21;18;19;18;15;24;Empresa
605;202;0;10;5;9;0;24;15;10;11;25;15;6;4;2;21;12;10;16;1;21;Musica
1647;824;0;8;19;8;17;24;23;24;3;18;22;21;4;0;15;17;18;23;19;8;Noticies
623;208;0;7;17;7;11;1;11;3;15;13;25;0;6;13;18;24;7;13;15;4;Musica
1797;599;0;12;24;11;13;24;13;17;14;22;20;22;6;24;10;12;14;24;14;4;Alimentacio
784;196;0;12;11;8;23;4;21;5;13;7;8;16;1;21;16;6;15;24;6;23;Entitat
1996;998;0;10;22;25;21;8;16;13;5;1;1;25;18;18;6;0;22;2;19;17;Esport
985;493;0;19;0;25;24;7;24;8;13;4;21;22;22;3;20;2;5;6;13;9;Esport
1668;417;0;8;2;11;17;18;11;1;1;4;18;2;0;21;3;19;16;20;0;11;Alimentacio
1044;209;0;22;22;7;8;17;22;18;0;12;2;24;1;12;21;7;10;16;16;13;Alimentacio
206;52;0;12;10;12;5;8;24;18;0;7;24;0;11;22;18;23;20;21;21;6;ONG
1318;330;0;21;22;5;19;10;9;22;11;2;17;3;22;17;23;6;15;11;21;4;Entitat
421;140;0;23;17;3;4;10;10;3;17;16;6;3;6;11;2;9;1;4;9;0;Fotografia
392;98;0;13;17;10;20;16;11;7;23;20;1;3;5;2;25;20;3;19;14;6;Empresa
936;468;0;17;0;10;8;6;12;1;23;4;25;0;3;18;13;0;20;0;24;17;Musica
1010;505;0;11;14;3;23;16;0;19;7;18;10;14;19;9;18;11;19;22;1;2;Transport
2450;613;0;4;17;7;9;24;22;7;24;25;2;20;21;14;21;1;6;0;20;1;Musica
1102;551;0;6;21;3;12;5;1;16;19;23;24;10;12;20;16;23;21;16;8;12;Empresa
853;427;0;23;5;10;12;6;4;17;5;11;0;6;7;19;8;8;9;4;1;20;Empresa
257;51;0;1;11;14;25;5;9;10;11;19;23;21;24;3;16;14;3;12;10;9;Musica
2288;1144;0;6;15;2;22;22;6;18;11;24;9;13;15;24;0;5;10;2;12;8;Empresa
902;451;0;4;7;0;12;3;12;15;0;23;1;0;9;10;0;10;5;5;17;13;Musica
679;679;0;19;17;4;11;18;22;17;5;24;1;0;18;24;7;20;16;0;18;3;Empresa
2223;445;0;12;0;25;0;15;10;3;12;16;1;16;18;22;10;23;16;14;11;19;Esport
503;503;0;4;18;7;17;5;0;18;13;23;0;19;17;23;14;13;12;21;11;17;Alimentacio
560;187;0;18;15;12;8;17;1;7;2;14;21;12;1;21;5;17;8;8;11;25;Turisme
2242;747;0;23;14;12;10;10;16;3;15;15;5;13;12;1;3;11;16;19;23;4;Fotografia
886;177;0;25;16;22;22;0;0;16;25;18;8;0;22;12;25;11;17;5;4;25;Turisme
976;244;0;7;16;22;8;3;13;18;0;14;12;18;8;8;20;11;22;18;6;20;Esport
1478;296;0;4;16;20;16;1;23;12;11;2;13;4;10;1;0;17;0;10;17;8;ONG
2308;769;0;10;7;12;25;4;1;0;6;12;24;17;21;17;7;18;23;9;0;3;Transport
2373;475;0;23;19;18;7;21;8;15;4;22;0;5;20;5;5;4;4;8;10;10;Fotografia
1485;743;0;23;21;0;10;17;24;0;0;1;10;22;16;19;8;6;18;6;19;19;ONG
651;651;0;25;4;21;13;2;12;23;18;9;7;8;25;5;0;20;14;17;19;3;Empresa
1676;838;0;13;6;4;11;22;8;25;20;11;2;1;12;17;14;3;24;8;0;6;Noticies
1406;703;0;14;3;16;14;20;2;8;10;15;19;17;3;14;5;7;25;17;9;13;Alimentacio
2171;434;0;7;11;12;16;17;24;15;10;17;5;17;7;4;23;23;4;9;12;11;ONG
616;123;0;14;6;0;10;23;10;22;1;21;17;2;19;4;5;13;24;16;25;23;Musica
1038;260;0;1;7;9;5;7;4;17;13;1;1;4;2;13;21;3;7;3;13;9;Entitat
51;26;0;12;20;16;16;10;1;25;15;3;22;20;0;19;6;18;11;12;2;24;Noticies
670;134;0;3;25;0;23;4;25;11;24;3;3;13;24;16;18;25;17;4;24;12;Esport
688;344;0;13;0;3;12;12;11;20;2;19;17;15;11;2;18;22;12;25;2;10;Entitat
1900;633;0;9;19;17;6;6;6;6;2;5;7;10;0;10;12;21;11;16;24;13;Musica
1165;388;0;0;23;7;17;15;0;24;0;15;10;7;2;15;17;9;21;0;9;18;Noticies
378;95;0;2;19;24;0;10;5;0;0;12;0;11;21;21;1;1;25;23;22;0;Alimentacio
2249;750;0;12;4;16;11;19;11;20;7;10;1;8;11;21;22;11;4;16;4;21;Entitat
117;23;0;1;15;15;11;19;8;24;10;11;20;8;16;8;17;8;4;23;14;7;Noticies
2138;535;0;23;0;22;24;15;10;23;5;24;5;13;9;25;2;6;0;17;8;0;Alimentacio
2487;1244;0;7;14;24;0;18;25;4;4;0;20;2;11;13;15;0;25;0;7;9;ONG
212;71;0;8;2;21;18;4;24;7;25;18;7;19;0;5;25;13;16;22;15;2;Entitat
1442;288;0;11;9;7;3;24;2;0;8;0;8;21;0;10;20;5;24;18;0;22;Alimentacio
2276;1138;0;15;15;20;25;0;24;6;1;3;9;0;13;12;12;0;1;12;8;8;Musica
1257;419;0;15;9;18;21;21;8;13;10;18;11;23;8;11;16;12;6;21;13;2;Transport
7;7;0;17;18;19;12;22;21;17;25;2;13;12;11;4;23;0;22;18;6;1;Musica
1220;610;0;3;4;10;23;3;19;12;10;3;0;16;5;14;18;8;8;20;16;7;Empresa
1825;608;0;3;10;17;17;7;2;6;5;16;17;17;18;13;6;9;7;6;17;18;Turisme
2082;1041;0;18;12;9;19;23;9;25;24;3;6;22;2;25;25;14;22;21;6;5;Transport
2109;2109;0;11;11;2;10;22;13;10;23;0;10;2;18;10;4;16;2;16;11;17;Empresa
2367;1184;0;23;3;24;19;7;9;2;6;18;9;0;16;11;12;10;10;6;3;15;Esport
518;130;0;18;8;21;11;15;4;25;24;23;14;9;10;9;4;9;8;21;21;21;Noticies
307;154;0;10;22;21;14;14;21;23;12;25;7;13;5;0;8;0;0;7;23;18;Transport
1274;255;0;13;20;23;5;9;5;5;0;3;3;24;21;13;14;7;23;1;8;23;Alimentacio
1807;602;0;8;4;14;9;3;13;9;9;12;0;2;13;12;24;15;6;13;1;0;Entitat
830;208;0;0;22;16;1;22;5;2;3;18;17;12;13;14;4;21;23;18;13;7;Alimentacio
509;127;0;13;3;21;17;19;21;3;18;22;4;21;5;22;5;24;0;14;0;25;Turisme
987;494;0;17;21;5;13;4;18;3;7;13;24;0;18;20;14;4;12;2;18;7;Musica
878;439;0;10;6;5;0;20;13;11;6;22;0;19;15;9;15;6;18;11;7;4;Musica
2417;806;0;15;12;6;15;10;6;7;1;21;23;8;15;9;20;0;3;18;24;13;Musica
1298;433;0;25;2;3;22;13;4;0;13;6;5;25;10;9;23;14;4;5;15;9;Fotografia
658;132;0;6;25;3;4;22;20;6;10;12;20;0;11;16;2;16;4;23;24;15;Musica
1234;309;0;4;16;24;23;1;13;16;23;21;13;10;4;9;6;8;3;19;3;22;Esport
178;45;0;23;17;16;21;0;3;6;8;22;1;4;22;16;9;10;15;16;0;10;Fotografia
1508;302;0;24;1;5;11;12;2;5;10;19;20;0;17;8;14;21;0;22;0;24;Turisme
2441;2441;0;19;15;22;4;9;21;12;8;20;12;18;14;0;23;0;23;7;22;7;Entitat
1154;289;0;19;19;13;18;14;8;3;8;25;7;13;1;0;1;9;17;1;4;16;Transport
1044;261;0;9;4;18;13;6;7;0;24;18;7;1;8;25;14;23;14;25;8;15;Entitat
1777;355;0;1;5;2;18;7;21;9;9;21;10;18;23;3;20;4;19;23;0;3;Entitat
1639;410;0;15;8;11;0;2;4;3;24;5;22;21;23;16;0;23;6;10;6;21;Musica
238;238;0;11;21;9;7;21;20;20;8;18;4;0;23;11;0;21;4;8;4;25;Turisme
1911;382;0;19;15;24;25;3;2;0;14;5;2;22;16;24;2;25;5;17;13;0;Esport
1393;697;0;22;19;22;17;6;21;18;18;16;11;3;1;6;10;12;24;15;0;16;Transport
1946;1946;0;16;5;19;16;15;15;0;7;14;18;19;16;16;9;22;15;6;21;19;Esport
176;88;0;15;20;3;3;9;8;3;6;21;7;21;0;22;1;2;14;8;1;9;Oci
268;268;0;1;7;23;15;1;10;16;1;1;19;25;12;9;13;13;2;11;12;11;Musica
1459;292;0;0;2;7;10;2;16;11;9;14;0;19;3;16;11;2;20;24;24;23;Entitat
1413;283;0;6;19;14;0;10;12;11;5;20;6;0;7;25;9;11;2;13;3;0;Alimentacio
2278;570;0;6;1;25;10;1;25;22;22;1;21;22;12;16;4;9;21;5;9;10;Esport
29;7;0;12;19;15;23;15;9;20;13;7;11;16;13;21;24;22;0;11;24;17;Entitat
2102;526;0;5;22;4;11;24;8;3;8;3;2;19;16;22;12;6;6;12;21;3;Alimentacio
1368;342;0;24;0;24;19;24;0;8;19;8;23;17;12;3;10;24;25;23;3;11;Alimentacio
765;153;0;17;4;1;14;15;19;5;10;5;19;24;6;7;8;3;7;9;15;12;Alimentacio
2115;423;0;6;5;1;21;11;21;19;6;5;2;7;17;4;20;3;10;17;14;5;ONG
67;22;0;1;19;12;1;17;23;6;22;6;23;16;24;22;17;1;11;15;22;24;Turisme
80;16;0;13;19;5;25;13;3;12;3;20;8;5;23;10;0;21;20;13;12;18;Musica
18;9;0;11;15;25;4;17;10;9;3;15;2;22;8;13;7;10;4;24;0;18;Esport
706;353;0;19;10;0;3;21;1;14;14;23;8;19;17;2;5;19;0;13;14;7;Transport
1704;852;0;18;14;7;20;18;1;11;20;0;15;7;23;21;21;3;18;7;5;7;Empresa
2175;435;0;1;25;18;24;22;8;5;21;7;14;9;23;7;19;5;11;17;17;12;Musica
1641;821;0;11;1;18;14;7;0;11;6;10;1;3;7;25;10;23;20;1;8;9;Alimentacio
2488;622;0;25;5;12;5;24;2;17;18;22;6;14;18;14;4;25;18;16;18;14;Esport
1963;393;0;23;8;20;22;6;13;0;15;19;2;4;0;22;8;22;7;4;5;5;Fotografia
1931;1931;0;14;15;22;21;0;7;12;5;7;15;4;24;25;12;15;0;14;14;18;Alimentacio
1783;446;0;0;11;15;1;14;15;3;9;16;13;8;24;10;20;3;10;11;12;0;Musica
809;202;0;13;18;22;9;18;14;21;7;0;7;11;8;1;11;16;24;19;24;22;Alimentacio
2196;732;0;18;16;19;13;13;19;23;3;24;2;19;13;0;1;18;3;21;14;23;Musica
2484;2484;0;8;14;6;10;16;0;3;1;18;24;2;5;21;25;18;25;17;3;10;Entitat
2478;496;0;12;14;18;24;18;13;7;0;7;13;13;19;7;3;22;11;14;11;17;Musica
14;5;0;24;9;15;4;14;11;5;13;22;0;4;24;16;13;9;18;4;17;19;Fotografia
1566;392;0;0;20;6;6;14;22;19;4;13;24;21;4;16;16;19;21;24;10;1;Entitat
707;177;0;11;24;18;13;15;16;15;6;18;4;21;3;5;18;24;13;11;21;4;Esport
2339;585;0;16;16;21;17;3;24;8;23;1;18;10;4;25;8;6;16;7;7;24;Alimentacio
2052;1026;0;7;11;23;20;21;19;2;0;3;13;17;8;13;2;8;25;9;4;20;Alimentacio
2038;2038;0;9;2;13;24;11;3;0;5;20;1;6;7;18;23;21;2;18;5;4;Musica
1165;291;0;12;25;20;9;10;18;7;1;6;21;7;18;0;12;13;10;1;4;10;Musica
1164;388;0;1;24;16;8;9;19;0;20;9;21;4;5;8;12;2;18;1;1;25;Turisme
1167;292;0;14;1;15;18;7;5;19;3;0;2;8;22;4;0;2;3;2;13;16;Empresa
936;936;0;17;0;16;5;23;3;16;18;20;5;18;22;16;1;10;14;4;8;3;Alimentacio
1169;234;0;22;4;4;4;10;24;20;15;19;3;24;13;18;17;18;25;25;3;8;Entitat
891;223;0;17;6;17;7;15;2;6;4;0;9;24;4;0;25;14;0;9;9;14;Entitat
315;315;0;3;18;5;11;22;1;7;15;11;1;5;13;5;11;18;3;20;9;19;Alimentacio
1144;1144;0;11;0;12;17;21;25;0;8;16;13;23;17;19;17;12;13;15;7;25;ONG
1677;335;0;15;13;18;11;2;10;20;4;16;17;7;16;18;25;21;17;15;22;8;Entitat
510;102;0;5;13;10;21;13;19;24;20;14;21;5;18;12;10;1;13;24;15;21;Noticies
562;112;0;23;6;22;0;25;23;4;4;10;17;9;6;24;11;2;6;11;1;2;Alimentacio
998;333;0;21;2;0;1;2;10;2;9;11;0;23;24;16;12;13;17;17;21;21;Musica
283;71;0;5;21;19;10;11;6;1;15;14;5;2;22;4;3;0;18;11;13;20;Musica
1042;1042;0;24;7;0;22;5;5;11;18;10;18;17;15;0;21;20;10;24;0;13;Fotografia
266;133;0;18;12;12;16;2;5;23;16;16;10;25;11;9;20;3;1;4;24;8;Alimentacio
1912;478;0;8;22;14;24;5;20;11;9;23;8;24;6;5;7;7;0;13;2;14;Alimentacio
1653;331;0;1;3;2;20;14;1;10;11;10;13;11;11;12;8;21;17;19;13;24;Turisme
457;91;0;16;16;5;5;10;16;4;19;11;10;0;23;12;9;25;16;8;13;14;Oci
1582;316;0;14;14;8;1;6;7;15;8;12;15;5;17;22;24;17;21;13;20;22;Empresa
2191;730;0;12;14;25;1;17;11;0;3;14;11;17;8;0;8;16;4;8;14;13;Esport
679;340;0;3;12;22;7;3;15;15;13;12;17;0;15;6;25;5;1;8;11;13;Entitat
1732;433;0;20;19;17;4;0;6;3;15;14;22;20;11;16;0;4;10;23;15;21;Entitat
925;925;0;5;24;7;7;13;20;15;10;9;7;24;19;16;5;6;11;25;0;19;Entitat
1301;434;0;5;10;8;12;2;21;4;10;7;11;13;23;10;14;0;6;24;21;1;Entitat
2197;732;0;17;15;11;16;9;18;22;5;1;20;8;21;25;0;3;19;9;3;14;Alimentacio
177;59;0;16;16;22;22;3;2;14;11;11;18;21;15;6;5;13;10;13;10;4;Esport
2179;726;0;14;17;3;16;15;4;18;15;16;0;25;13;1;6;11;19;23;24;16;Alimentacio
2312;2312;0;20;8;9;4;22;0;24;0;5;25;8;10;10;0;8;16;0;11;22;Musica
911;228;0;24;22;10;13;15;7;1;23;3;25;10;9;18;12;0;1;18;11;9;Empresa
2014;403;0;20;12;22;12;19;1;6;16;15;11;10;14;5;5;23;20;7;18;13;Esport
184;46;0;25;14;25;22;19;8;18;25;22;5;14;0;9;0;0;20;22;22;9;Esport
362;362;0;20;22;15;18;20;2;2;3;13;13;25;10;5;23;24;9;21;25;18;Alimentacio
2060;515;0;21;4;12;22;17;2;9;13;3;3;10;14;19;9;9;22;25;14;25;Turisme
2408;1204;0;21;19;23;19;19;21;20;17;5;6;7;8;20;16;20;5;17;11;7;Esport
397;199;0;22;19;11;14;24;7;2;14;23;19;1;9;2;7;13;12;9;18;19;Alimentacio
1374;344;0;25;8;25;3;4;14;4;8;14;19;5;13;19;15;6;2;11;14;3;Esport
232;77;0;5;12;22;14;6;19;7;0;18;18;3;8;25;19;23;13;15;9;7;Alimentacio
1564;1564;0;3;4;14;15;13;15;22;0;5;4;7;12;12;0;14;7;8;15;8;Noticies
2035;407;0;1;19;0;21;21;25;19;5;4;12;4;6;2;13;13;7;9;11;15;ONG
1467;293;0;10;12;11;6;1;12;23;3;17;23;16;3;6;16;6;9;1;10;17;Noticies
1471;490;0;18;23;22;20;5;1;0;2;25;19;23;12;14;10;0;1;25;9;12;Entitat
1163;1163;0;5;21;7;24;21;6;12;25;4;2;24;14;3;0;14;18;24;11;16;Musica
736;736;0;6;13;17;23;21;18;14;2;3;23;0;0;15;0;3;8;17;0;12;Empresa
1322;331;0;11;9;0;0;11;21;15;18;15;13;15;19;9;3;20;0;24;1;10;Entitat
767;192;0;9;11;17;10;1;13;6;1;11;24;11;21;15;14;11;4;24;9;16;Entitat
1750;583;0;25;3;1;18;5;15;5;4;22;23;9;25;2;18;15;25;11;5;17;Fotografia
1532;306;0;11;3;25;0;25;5;2;0;20;11;10;16;11;13;12;24;8;0;17;Esport
1818;1818;0;6;3;5;14;8;2;7;6;21;19;12;3;5;18;16;4;17;6;9;Empresa
1702;1702;0;22;3;0;22;1;18;8;13;15;0;14;13;16;1;13;12;20;7;21;Fotografia
972;972;0;25;16;23;23;3;4;3;12;11;17;0;0;25;0;0;2;17;24;11;Alimentacio
1267;634;0;14;22;8;8;0;19;16;12;14;2;23;18;18;18;16;11;2;14;6;Alimentacio
493;123;0;16;14;4;16;11;11;17;2;0;22;10;12;9;21;1;6;11;6;8;Empresa
791;158;0;10;17;24;1;19;8;17;23;14;3;11;17;5;14;20;13;24;7;4;Esport
841;841;0;9;21;4;21;25;15;0;8;9;16;0;1;11;21;18;6;14;8;7;Alimentacio
1610;1610;0;22;5;0;17;25;16;15;11;21;25;10;6;8;8;23;0;2;0;23;Alimentacio
2484;497;0;0;23;14;2;21;19;8;25;15;15;10;20;12;15;24;1;11;0;18;Musica
1518;506;0;10;8;3;2;16;13;16;13;25;6;13;8;5;19;4;2;18;6;13;Musica
2341;2341;0;16;10;22;12;23;18;22;20;8;7;25;0;16;23;11;13;8;15;23;Alimentacio
2418;806;0;1;8;14;12;13;17;23;10;25;3;11;12;13;10;13;0;25;10;13;Entitat
346;173;0;4;25;8;21;17;10;3;18;19;6;17;24;15;0;23;14;4;25;19;Musica
89;30;0;17;1;12;2;6;5;9;19;13;16;12;2;23;21;25;14;14;16;15;Esport
2007;401;0;21;19;25;5;1;8;3;2;3;19;10;12;0;5;11;25;2;0;8;Esport
2416;604;0;3;24;5;15;7;22;20;17;13;12;21;4;0;2;22;16;25;10;2;Entitat
1049;210;0;22;21;10;0;14;12;22;0;16;3;11;13;2;2;16;0;17;5;25;Turisme
2084;695;0;23;6;12;4;21;21;25;20;8;4;20;9;15;11;23;9;22;12;24;Noticies
1739;435;0;2;3;19;1;22;12;13;25;16;10;0;12;12;25;23;23;15;15;6;Entitat
1850;463;0;22;21;24;13;1;4;2;13;7;0;7;0;18;11;9;15;15;1;5;Esport
67;67;0;9;25;0;13;23;7;7;3;20;4;5;6;14;19;24;19;4;12;22;Musica
559;186;0;6;7;5;0;1;10;14;19;7;0;2;12;20;7;8;21;16;4;0;Alimentacio
108;36;0;20;0;9;7;6;0;1;4;3;25;21;2;24;8;15;9;15;3;21;Musica
1986;397;0;1;10;21;7;14;8;9;15;17;14;9;6;19;24;0;6;18;23;15;Entitat
81;16;0;24;0;22;0;20;2;10;2;13;18;21;4;13;0;23;4;7;4;23;Fotografia
14;7;0;3;10;7;6;16;4;20;10;24;12;15;21;12;5;3;5;3;20;24;Empresa
264;132;0;8;1;15;15;11;20;9;20;10;22;3;6;13;2;21;16;24;6;21;Entitat
709;355;0;11;17;13;16;23;14;23;11;14;23;0;7;19;17;3;11;10;12;18;Noticies
585;146;0;8;22;22;19;9;23;18;21;0;12;5;20;7;9;10;15;14;7;11;ONG
945;945;0;11;18;14;7;10;25;21;0;14;18;16;12;7;19;7;10;22;4;6;ONG
1733;433;0;4;4;16;0;2;2;25;4;10;21;0;22;4;22;0;22;17;24;23;Noticies
1279;426;0;8;25;0;11;21;25;0;6;8;10;20;5;13;10;16;10;14;0;24;ONG
1572;314;0;18;5;19;18;17;12;0;6;23;0;15;3;22;12;9;15;21;9;7;Musica
1551;388;0;9;10;14;3;16;7;22;24;20;4;22;23;14;20;14;1;0;11;24;Turisme
1879;1879;0;25;10;18;3;23;19;2;3;0;9;6;5;1;5;22;25;3;10;22;Alimentacio
197;99;0;15;16;10;24;13;10;0;10;0;25;20;18;17;0;3;19;0;2;18;Musica
1023;256;0;0;8;9;12;5;2;11;19;8;1;1;3;22;6;24;23;21;18;15;Transport
2273;2273;0;24;24;3;4;14;16;6;19;18;1;25;22;17;23;9;0;4;16;16;Alimentacio
1353;338;0;17;23;22;0;12;15;18;23;9;0;24;6;21;8;16;25;4;2;7;Alimentacio
892;892;0;3;21;4;2;23;13;10;17;25;10;4;14;6;11;23;13;3;6;13;Musica
820;205;0;6;1;9;11;14;12;18;4;12;14;6;22;13;10;24;15;18;13;5;Oci
951;476;0;10;6;0;10;1;7;9;0;4;15;23;24;23;3;9;21;22;25;18;Musica
1336;334;0;3;14;19;11;12;3;21;25;7;2;3;2;14;7;22;6;11;25;24;Musica
1471;1471;0;16;4;3;16;4;0;4;17;22;7;7;12;0;23;8;17;5;7;15;Entitat
1686;337;0;19;9;2;19;1;21;5;5;24;21;6;12;11;7;5;25;12;24;22;Alimentacio
125;63;0;2;22;9;25;19;10;14;8;5;16;3;13;20;0;24;24;21;15;16;Transport
1210;403;0;24;4;25;18;3;4;14;19;1;6;16;1;3;11;25;3;3;16;1;Oci
1297;1297;0;21;22;10;14;19;21;16;11;11;22;15;8;18;8;22;23;15;25;23;Musica
1467;489;0;20;10;22;14;3;23;12;5;13;16;0;1;7;21;16;1;16;7;15;ONG
1053;1053;0;17;25;10;4;22;3;8;15;8;17;17;25;24;14;7;14;9;2;23;Musica
1070;535;0;3;13;16;17;12;16;9;21;15;14;14;14;12;15;7;6;19;13;2;Musica
2313;463;0;12;6;4;22;2;11;6;5;12;8;17;4;10;14;11;10;7;16;7;Musica
2476;825;0;9;15;15;13;21;22;9;3;8;14;11;13;16;5;4;12;22;21;13;ONG
2113;704;0;24;1;19;13;4;8;24;14;19;12;12;19;6;11;17;17;10;23;20;Noticies
1946;487;0;12;17;5;23;20;20;15;2;6;19;18;0;4;10;4;8;25;14;10;Entitat
2316;579;0;22;13;2;17;1;20;25;19;7;19;25;13;20;15;3;0;5;9;3;Noticies
580;290;0;16;13;21;22;21;5;13;23;23;1;5;23;16;18;12;19;22;24;6;Musica
2055;2055;0;22;21;18;4;18;22;25;7;14;12;22;16;8;14;10;9;1;11;24;Noticies
1902;380;0;7;10;12;5;14;21;8;6;25;2;13;4;10;13;9;22;11;15;0;Musica
327;109;0;13;16;10;21;15;13;18;2;2;20;21;17;3;25;25;24;12;1;23;Oci
675;225;0;16;4;15;0;18;7;7;20;18;18;20;4;15;12;23;11;14;24;7;Musica
743;743;0;19;1;4;2;2;20;10;23;8;23;0;10;24;25;8;6;19;3;13;Entitat
887;444;0;24;19;6;7;4;13;25;9;25;15;9;0;16;0;5;22;21;19;21;Noticies
1940;1940;0;22;5;12;15;20;18;19;18;15;22;7;22;7;5;7;10;19;0;14;Fotografia
2115;529;0;0;11;18;9;19;22;1;11;16;1;16;13;5;13;6;9;0;24;9;Musica
633;158;0;23;8;3;20;4;7;23;18;22;21;9;8;24;5;4;16;25;14;6;Entitat
376;125;0;20;8;21;3;9;1;11;18;16;9;23;14;13;15;11;7;12;7;11;Alimentacio
769;769;0;18;11;8;13;15;16;4;2;1;25;20;8;16;11;16;13;13;22;8;Musica
2340;1170;0;6;24;5;2;12;9;13;0;3;24;20;1;2;1;15;8;16;9;14;Musica
540;135;0;0;8;16;17;13;6;21;25;14;22;5;15;0;21;1;22;2;11;13;Musica
1524;381;0;11;25;15;17;19;16;4;24;17;1;21;16;7;22;2;23;13;25;18;Empresa
1263;253;0;17;5;22;6;1;5;24;25;20;16;18;1;7;8;18;13;0;21;9;Empresa
1785;357;0;22;2;23;15;22;7;3;14;12;2;24;16;7;3;5;22;22;14;19;Alimentacio
1191;298;0;5;0;20;17;14;3;8;18;6;24;10;8;21;0;10;21;11;24;21;Musica
1761;1761;0;20;16;10;17;0;12;17;22;6;20;7;23;13;20;8;22;7;7;14;Transport
1059;530;0;11;24;20;14;25;25;11;22;14;11;8;19;19;13;0;3;20;9;0;ONG
1138;379;0;11;15;4;6;15;22;24;13;11;25;0;9;9;22;17;18;5;1;23;Empresa
246;82;0;13;0;17;14;22;23;8;21;0;3;18;2;8;15;13;18;25;23;17;Entitat
994;497;0;4;2;13;15;14;9;23;6;7;8;13;15;20;25;5;7;8;5;9;Entitat
196;98;0;9;2;2;18;24;6;20;5;13;8;17;22;11;24;24;1;6;4;11;Oci
120;30;0;14;15;8;14;0;23;5;15;10;6;23;0;2;9;7;23;8;12;5;ONG
1500;375;0;11;19;16;0;22;5;2;10;8;13;0;18;18;6;6;7;11;3;21;Alimentacio
528;132;0;8;9;4;25;11;25;15;10;17;11;9;19;8;14;12;23;12;13;5;ONG
2488;2488;0;1;14;11;11;22;16;23;9;0;19;22;0;24;14;25;0;13;7;10;Oci
553;138;0;6;14;5;7;7;14;0;4;0;8;2;20;19;13;7;5;15;25;8;Musica
1569;314;0;6;1;18;18;6;19;0;7;12;12;10;13;3;3;2;22;5;22;2;Alimentacio
750;250;0;8;21;10;20;13;20;14;16;11;13;18;15;12;0;14;5;0;20;18;Musica
489;163;0;21;1;22;8;0;16;12;1;11;2;21;15;23;0;14;9;0;4;20;Alimentacio
1773;887;0;25;15;4;15;11;8;24;9;24;0;0;22;24;9;2;20;1;3;6;Fotografia
256;85;0;24;0;13;12;11;2;2;15;16;20;25;13;23;16;20;3;25;4;13;Entitat
450;150;0;14;0;22;25;24;21;23;11;24;23;12;10;14;15;18;11;4;0;20;Musica
2058;2058;0;10;13;21;7;4;0;10;8;11;23;21;12;15;15;7;6;7;20;13;Musica
1036;518;0;18;13;17;17;25;9;3;11;21;16;6;18;0;15;14;4;0;19;24;Alimentacio
1004;201;0;3;10;0;4;24;0;15;12;22;21;12;22;16;22;4;20;16;0;8;Alimentacio
1367;684;0;14;1;11;3;20;7;15;17;7;19;19;4;0;13;2;23;0;10;16;Alimentacio
34;17;0;14;15;20;7;3;0;6;16;9;0;10;17;19;0;11;0;15;23;14;Musica
479;160;0;17;22;24;17;13;2;14;5;0;23;7;17;13;15;8;14;22;15;11;Esport
1448;724;0;21;0;17;3;4;0;20;16;21;14;0;17;15;24;18;7;13;0;11;Entitat
1519;506;0;25;14;0;0;10;10;1;9;2;1;0;9;24;2;4;0;18;17;6;Fotografia
837;279;0;13;17;8;9;4;15;5;18;0;21;14;22;9;19;0;10;3;0;5;Musica
2011;503;0;9;8;10;8;18;17;20;16;15;2;0;10;14;8;0;0;4;0;23;Turisme
1875;375;0;13;24;25;22;17;16;7;18;6;1;17;13;3;0;5;0;21;0;3;Esport
457;229;0;15;9;13;20;24;10;21;0;11;7;24;6;4;24;1;23;13;5;6;Entitat
219;110;0;6;23;0;19;21;23;22;1;1;23;4;11;4;0;10;12;9;3;5;ONG
1073;358;0;12;6;11;4;16;16;25;16;16;22;7;0;15;5;24;6;19;4;22;Noticies
1048;210;0;6;7;7;19;0;21;7;6;1;24;6;2;20;5;5;7;13;0;15;Musica
191;48;0;7;15;15;5;19;7;0;0;12;0;10;0;11;19;24;11;0;9;23;Empresa
2495;832;0;19;15;19;18;11;20;0;6;10;6;20;2;4;0;11;22;2;6;9;Alimentacio
1344;448;0;9;12;7;0;5;22;8;23;0;13;16;24;24;19;24;3;0;22;3;Alimentacio
2500;1250;0;3;14;12;7;6;20;25;1;23;11;0;15;20;22;18;9;3;22;0;Noticies
330;83;0;22;25;20;0;0;19;6;9;12;15;18;9;9;15;11;11;17;10;0;Musica
839;839;0;0;23;11;8;25;13;17;9;14;16;24;11;17;0;1;10;1;0;0;Alimentacio
741;185;0;14;9;19;14;16;22;0;3;11;11;12;5;5;13;10;10;12;4;0;ONG
1159;386;0;24;23;9;21;7;6;2;1;20;22;1;11;19;11;13;17;1;0;2;Fotografia
